{"PR":{"mean":648.9612940497,"median":650.0,"mode":850.0,"std":98.6071859131},"RS":{"mean":651.1051428571,"median":650.0,"mode":850.0,"std":95.1365984138},"SC":{"mean":649.5376527423,"median":653.0,"mode":850.0,"std":97.2334927934}}